file,pred,conf,label_binary,prob_rotten,prob_fresh,p_freshapples,p_freshbanana,p_freshbittergroud,p_freshcapsicum,p_freshcucumber,p_freshokra,p_freshoranges,p_freshpotato,p_freshtomato,p_rottenapples,p_rottenbanana,p_rottenbittergroud,p_rottencapsicum,p_rottencucumber,p_rottenokra,p_rottenoranges,p_rottenpotato,p_rottentomato
crops_fruits\image1_det0_banana_0.89.jpg,freshbanana,0.9989683628082275,fresh,0.0007978557143802957,0.9992021442856197,3.542996273608878e-05,0.9989683628082275,1.9992914531030692e-05,3.96600371459499e-05,3.4174128813901916e-05,3.8789152313256636e-05,5.5386881285812706e-05,7.263993211381603e-06,2.940451850008685e-06,1.818611053749919e-05,0.0005965783493593335,1.8779510355670936e-05,1.988291842280887e-05,5.2261068049119785e-05,3.1683310226071626e-05,1.8603288481244817e-05,6.2107046687742695e-06,3.5670331271830946e-05
crops_fruits\image1_det1_banana_0.29.jpg,freshbanana,0.1537700891494751,rotten,0.43474891392880166,0.5652510860711983,0.07426438480615616,0.1537700891494751,0.05362466350197792,0.02665051631629467,0.04888425022363663,0.03800226375460625,0.05602109059691429,0.056993819773197174,0.05703999474644661,0.0452379509806633,0.06607205420732498,0.03259732574224472,0.02902795746922493,0.07505971938371658,0.050993699580430984,0.05027998611330986,0.03652135655283928,0.04895884171128273
crops_fruits\image_det1_apple_0.85.jpg,freshapples,0.9980372786521912,fresh,0.0006249788252201499,0.9993750211747798,0.9980372786521912,5.934958971920423e-05,3.7111207348061725e-05,5.771768337581307e-05,4.806771539733745e-05,2.0854258764302358e-05,0.0006663217209279537,2.4613791538286023e-05,0.0004238458932377398,0.00030551821691915393,2.8574590032803826e-05,2.4693448722246103e-05,4.848667958867736e-05,2.397105890850071e-05,3.303078483440913e-05,4.14825881307479e-05,1.3849508832208812e-05,0.00010537212074268609
